005930|삼성전자|68,000
373220|LG에너지솔루션|409,000
000660|SK하이닉스|114,500
207940|삼성바이오로직스|783,000
005935|삼성전자우|60,900
035420|NAVER|277,500
006400|삼성SDI|598,000
005380|현대차|184,000
035720|카카오|82,700
051910|LG화학|513,000
000270|기아|84,300
005490|POSCO홀딩스|288,000
105560|KB금융|58,200
055550|신한지주|42,300
028260|삼성물산|116,500
068270|셀트리온|142,500
096770|SK이노베이션|208,000
012330|현대모비스|199,500
323410|카카오뱅크|39,450
034730|SK|246,500
066570|LG전자|107,000
015760|한국전력|22,550
011200|HMM|29,600
086790|하나금융지주|46,100
032830|삼성생명|66,700
017670|SK텔레콤|59,400
034020|두산에너빌리티|19,950
010950|S-Oil|109,000
009150|삼성전기|161,000
259960|크래프톤|243,000
003550|LG|75,400
377300|카카오페이|89,300
033780|KT&G|83,800
018260|삼성에스디에스|144,500
316140|우리금융지주|14,900
051900|LG생활건강|679,000
010130|고려아연|561,000
329180|현대중공업|118,000
003490|대한항공|29,350
302440|SK바이오사이언스|125,500
003670|포스코케미칼|123,500
000810|삼성화재|201,000
036570|엔씨소프트|431,500
030200|KT|36,150
352820|하이브|221,500
090430|아모레퍼시픽|156,000
361610|SK아이이테크놀로지|119,500
011070|LG이노텍|352,000
024110|기업은행|11,100
086280|현대글로비스|208,000
326030|SK바이오팜|87,300
011170|롯데케미칼|196,000
251270|넷마블|75,400
402340|SK스퀘어|44,600
009540|한국조선해양|88,700
034220|LG디스플레이|17,250
097950|CJ제일제당|405,500
009830|한화솔루션|31,050
018880|한온시스템|10,850
035250|강원랜드|26,900
032640|LG유플러스|13,200
088980|맥쿼리인프라|13,950
011790|SKC|148,000
004020|현대제철|40,350
021240|코웨이|72,300
383220|F&F|139,000
028050|삼성엔지니어링|25,600
137310|에스디바이오센서|47,600
010140|삼성중공업|5,550
069500|KODEX 200|34,850
267250|HD현대|61,600
006800|미래에셋증권|7,810
000060|메리츠화재|39,650
047810|한국항공우주|47,650
000720|현대건설|41,550
011780|금호석유|151,000
005830|DB손해보험|64,600
161390|한국타이어앤테크놀로지|36,250
078930|GS|46,000
028670|팬오션|7,970
000100|유한양행|58,100
138040|메리츠금융지주|31,950
020150|일진머티리얼즈|88,600
036460|한국가스공사|43,400
008560|메리츠증권|5,990
003410|쌍용C&E|7,780
029780|삼성카드|33,250
071050|한국금융지주|69,000
241560|두산밥캣|37,900
271560|오리온|95,000
180640|한진칼|55,500
128940|한미약품|298,500
004990|롯데지주|34,300
002790|아모레G|43,500
307950|현대오토에버|128,500
371460|TIGER 차이나전기차SOLACTIVE|13,465
005940|NH투자증권|10,250
139480|이마트|122,000
016360|삼성증권|37,800
005387|현대차2우B|92,100
006360|GS건설|38,450
000990|DB하이텍|73,900
282330|BGF리테일|187,500
008930|한미사이언스|47,200
010620|현대미포조선|78,100
002380|KCC|343,500
014680|한솔케미칼|266,000
000120|CJ대한통운|131,000
008770|호텔신라|75,800
272210|한화시스템|15,400
030000|제일기획|25,000
047050|포스코인터내셔널|23,200
052690|한전기술|74,200
023530|롯데쇼핑|100,000
001450|현대해상|31,200
007070|GS리테일|26,000
012750|에스원|71,200
026960|동서|26,700
001440|대한전선|2,110
012450|한화에어로스페이스|51,600
010060|OCI|108,500
000080|하이트진로|36,600
047040|대우건설|6,170
138930|BNK금융지주|7,740
204320|만도|53,600
004170|신세계|254,000
336260|두산퓨얼셀|36,800
001040|CJ|82,500
039490|키움증권|87,500
042660|대우조선해양|21,150
285130|SK케미칼|127,000
005385|현대차우|91,700
122630|KODEX 레버리지|18,370
093370|후성|23,950
111770|영원무역|50,200
088350|한화생명|2,515
004000|롯데정밀화학|84,300
000880|한화|28,250
006280|녹십자|180,000
298050|효성첨단소재|468,000
133690|TIGER 미국나스닥100|71,265
112610|씨에스윈드|48,300
336370|솔루스첨단소재|65,900
064350|현대로템|18,200
051915|LG화학우|254,500
006260|LS|60,100
375500|DL이앤씨|50,000
214980|KODEX 단기채권PLUS|103,885
081660|휠라홀딩스|31,700
069620|대웅제약|166,000
120110|코오롱인더|67,800
252670|KODEX 200선물인버스2X|2,665
102110|TIGER 200|34,910
069960|현대백화점|77,000
157450|TIGER 단기통안채|100,855
011210|현대위아|65,400
004800|효성|82,800
175330|JB금융지주|8,830
016380|KG스틸|17,150
005300|롯데칠성|184,500
003090|대웅|29,050
001230|동국제강|17,600
004370|농심|275,000
014820|동원시스템즈|57,200
079550|LIG넥스원|74,500
051600|한전KPS|36,300
009240|한샘|69,500
353200|대덕전자|32,850
298020|효성티앤씨|374,500
007310|오뚜기|441,000
360750|TIGER 미국S&P500|13,045
005070|코스모신소재|52,300
271940|일진하이솔루스|42,150
010780|아이에스동서|48,450
153130|KODEX 단기채권|103,400
019170|신풍제약|28,200
001120|LX인터내셔널|38,450
010120|LS ELECTRIC|49,200
139130|DGB금융지주|8,710
365550|ESR켄달스퀘어리츠|6,820
042700|한미반도체|14,650
102780|KODEX 삼성그룹|8,955
017800|현대엘리베이|34,600
330590|롯데리츠|5,810
273130|KODEX 종합채권(AA-이상)액티브|103,075
381180|TIGER 미국필라델피아반도체나스닥|10,395
089860|롯데렌탈|38,200
020560|아시아나항공|18,700
005850|에스엘|28,900
000240|한국앤컴퍼니|14,100
305720|KODEX 2차전지산업|19,610
300720|한일시멘트|19,000
305540|TIGER 2차전지테마|20,340
000210|DL|62,700
178920|PI첨단소재|44,600
000150|두산|79,200
310970|TIGER MSCI Korea TR|14,180
530031|삼성 레버리지 WTI원유 선물 ETN|2,570
381170|TIGER 미국테크TOP10 INDXX|10,465
249420|일동제약|48,150
073240|금호타이어|4,380
363280|티와이홀딩스|24,250
042670|현대두산인프라코어|6,220
018670|SK가스|132,000
031430|신세계인터내셔날|34,050
248070|솔루엠|24,050
278530|KODEX 200TR|11,600
195870|해성디에스|70,600
000670|영풍|649,000
292150|TIGER TOP10|11,445
009900|명신산업|22,450
381970|케이카|24,450
001740|SK네트웍스|4,710
012510|더존비즈온|38,050
003690|코리안리|9,470
181710|NHN|30,300
014830|유니드|124,500
003240|태광산업|991,000
032350|롯데관광개발|15,100
079160|CJ CGV|26,400
395400|SK리츠|6,950
185750|종근당|89,700
089590|제주항공|20,900
950210|프레스티지바이오파마|17,200
214320|이노션|51,000
268280|미원에스씨|199,500
069260|TKG휴켐스|24,550
105630|한세실업|24,800
039130|하나투어|70,700
241590|화승엔터프라이즈|16,250
233740|KODEX 코스닥150레버리지|10,510
013890|지누스|61,900
006650|대한유화|150,000
011000|진원생명과학|12,500
082640|동양생명|6,040
016710|대성홀딩스|60,500
017390|서울가스|194,500
148020|KBSTAR 200|35,030
500019|신한 레버리지 WTI원유 선물 ETN(H)|1,940
007700|F&F홀딩스|24,800
005880|대한해운|2,995
066575|LG전자우|55,600
005250|녹십자홀딩스|20,250
344820|KCC글라스|58,900
020000|한섬|38,050
348950|제이알글로벌리츠|5,600
272450|진에어|17,600
034120|SBS|50,200
294870|HDC현대산업개발|13,800
161890|한국콜마|39,600
001800|오리온홀딩스|14,400
004490|세방전지|64,300
023590|다우기술|19,950
114090|GKL|14,350
051905|LG생활건강우|420,000
003530|한화투자증권|4,105
006040|동원산업|238,500
002840|미원상사|174,500
267260|현대일렉트릭|24,050
005440|현대그린푸드|8,690
036420|콘텐트리중앙|44,000
103140|풍산|29,950
009420|한올바이오파마|16,000
003520|영진약품|4,550
139260|TIGER 200 IT|31,670
003850|보령|11,850
003540|대신증권|16,000
192080|더블유게임즈|44,000
267270|현대건설기계|40,900
001680|대상|22,950
005690|파미셀|13,000
145720|덴티움|70,300
009970|영원무역홀딩스|56,800
006120|SK디스커버리|40,400
114800|KODEX 인버스|4,480
278540|KODEX MSCI Korea TR|11,340
007340|디티알오토모티브|75,300
003000|부광약품|10,550
383800|LX홀딩스|9,760
010050|우리종금|843
192820|코스맥스|64,700
192650|드림텍|10,900
280360|롯데제과|113,500
090435|아모레퍼시픽우|68,900
105190|KINDEX 200|34,915
003280|흥아해운|2,995
009450|경동나비엔|49,150
097520|엠씨넥스|39,600
284740|쿠쿠홈시스|31,400
091180|KODEX 자동차|18,475
005090|SGC에너지|47,750
000070|삼양홀딩스|81,400
005610|SPC삼립|80,500
293180|HANARO 200|34,940
394670|TIGER 글로벌리튬&2차전지SOLACTIVE(합성)|10,100
003230|삼양식품|90,800
057050|현대홈쇼핑|56,800
025860|남해화학|13,500
007810|코리아써키트|28,150
003470|유안타증권|3,305
085620|미래에셋생명|3,720
298000|효성화학|204,500
064960|SNT모티브|44,400
152100|ARIRANG 200|35,395
003030|세아제강지주|154,500
000640|동아쏘시오홀딩스|101,000
210980|SK디앤디|28,850
049770|동원F&B|165,500
001430|세아베스틸지주|17,650
001530|DI동일|24,700
097230|HJ중공업|7,550
192400|쿠쿠홀딩스|17,600
025540|한국단자|59,800
002240|고려제강|26,900
002350|넥센타이어|6,340
017810|풀무원|16,100
550057|QV 코스피 변동성 매칭형 양매도 ETN|8,630
00680K|미래에셋증권2우B|4,310
004430|송원산업|24,850
229200|KODEX 코스닥150|12,155
093050|LF|20,350
034310|NICE|15,450
000400|롯데손해보험|1,875
357120|코람코에너지리츠|6,560
004690|삼천리|141,000
033240|자화전자|28,600
315930|KODEX Top5PlusTR|17,295
293940|신한알파리츠|7,590
298040|효성중공업|59,800
360200|KINDEX 미국S&P500|13,150
001060|JW중외제약|24,800
170900|동아에스티|65,100
017960|한국카본|12,450
008730|율촌화학|22,050
520009|미래에셋 레버리지 원유선물혼합 ETN(H)|13,235
145990|삼양사|52,500
009160|SIMPAC|8,270
006390|한일현대시멘트|30,300
001820|삼화콘덴서|51,700
138490|코오롱플라스틱|14,100
001720|신영증권|57,000
294400|KOSEF 200TR|42,160
001880|DL건설|23,850
000815|삼성화재우|162,500
000370|한화손해보험|4,440
196230|KBSTAR 단기통안채|105,155
002900|TYM|3,380
306200|세아제강|181,000
005180|빙그레|51,600
071840|롯데하이마트|21,500
034830|한국토지신탁|2,015
102460|이연제약|27,750
115390|락앤락|9,660
123890|한국자산신탁|4,020
003070|코오롱글로벌|19,700
084010|대한제강|19,950
027410|BGF|5,130
006405|삼성SDI우|302,500
000230|일동홀딩스|42,300
068400|SK렌터카|10,150
530068|삼성 레버리지 천연가스 선물 ETN B|47,910
183190|아세아시멘트|12,200
001390|KG케미칼|34,400
007690|국도화학|52,800
037560|LG헬로비전|6,130
161000|애경케미칼|9,730
005420|코스모화학|16,950
030610|교보증권|7,320
092220|KEC|3,255
002320|한진|31,500
286940|롯데정보통신|30,450
226320|잇츠한불|21,000
108670|LX하우시스|51,100
007570|일양약품|23,900
018250|애경산업|17,200
007660|이수페타시스|7,150
190620|KINDEX 단기통안채|100,495
357870|TIGER CD금리투자KIS(합성)|50,825
033270|유나이티드제약|27,700
251350|KODEX 선진국MSCI World|20,070
053210|스카이라이프|9,370
364980|TIGER KRX2차전지K-뉴딜|14,075
005950|이수화학|15,850
058650|세아홀딩스|110,500
094800|맵스리얼티1|4,755
005390|신성통상|3,065
037270|YG PLUS|6,940
091810|티웨이항공|2,730
082740|HSD엔진|9,310
060980|한라홀딩스|41,450
130660|한전산업|13,250
281820|케이씨텍|20,600
012630|HDC|7,190
069660|KOSEF 200|34,780
298690|에어부산|2,185
001470|삼부토건|2,260
008490|서흥|36,350
000050|경방|15,300
088260|이리츠코크렙|6,620
003620|쌍용차|2,770
001790|대한제당|4,615
003580|HLB글로벌|9,730
379800|KODEX 미국S&P500TR|11,495
001725|신영증권우|57,400
117580|대성에너지|14,650
071320|지역난방공사|34,750
003300|한일홀딩스|12,950
139990|아주스틸|14,950
004890|동일산업|162,500
001510|SK증권|823
002310|아세아제지|43,400
011690|와이투솔루션|2,440
016800|퍼시스|33,650
026890|스틱인베스트먼트|9,220
314250|KODEX 미국FANG플러스(H)|20,110
385540|KBSTAR KIS종합채권(A-이상)액티브|95,205
367380|KINDEX 미국나스닥100|12,235
002270|롯데푸드|315,500
003545|대신증권우|14,650
024720|한국콜마홀딩스|20,450
002150|도화엔지니어링|11,250
251340|KODEX 코스닥150선물인버스|4,710
055490|테이팩스|79,400
004250|NPC|10,250
003220|대원제약|17,000
104700|한국철강|8,720
011930|신성이엔지|1,795
071055|한국금융지주우|63,000
339770|교촌에프앤비|14,650
016590|신대양제지|90,000
400970|TIGER Fn메타버스|9,195
122900|아이마켓코리아|10,750
401470|KODEX K-메타버스액티브|8,945
081000|일진다이아|25,300
009290|광동제약|6,850
095720|웅진씽크빅|3,100
271980|제일약품|24,300
272550|삼양패키징|22,500
075580|세진중공업|6,210
126560|현대퓨처넷|3,200
002990|금호건설|9,530
000490|대동|14,700
371160|TIGER 차이나항셍테크|5,885
084680|이월드|2,460
011700|한신기계|10,750
148070|KOSEF 국고채10년|110,700
293480|하나제약|19,500
001520|동양|1,450
00088K|한화3우B|15,400
005500|삼진제약|24,750
017940|E1|50,100
900140|엘브이엠씨홀딩스|3,460
002020|코오롱|27,150
009410|태영건설|8,760
377190|디앤디플랫폼리츠|5,300
001250|GS글로벌|4,110
317400|자이에스앤디|8,710
084690|대상홀딩스|9,310
008040|사조동아원|2,365
072710|농심홀딩스|72,200
029530|신도리코|33,100
001500|현대차증권|10,400
213500|한솔제지|13,900
006740|영풍제지|14,950
000020|동화약품|11,800
000480|조선내화|82,100
002960|한국쉘석유|249,500
001630|종근당홀딩스|64,500
379810|KODEX 미국나스닥100TR|10,490
001200|유진투자증권|3,335
329750|TIGER 미국달러단기채권액티브|10,855
107590|미원홀딩스|138,500
095570|AJ네트웍스|6,870
002780|진흥기업|2,195
272580|TIGER 단기채권액티브|50,505
007460|에이프로젠 MED|1,545
010690|화신|9,080
016580|환인제약|16,950
001780|알루코|3,505
029460|케이씨|23,250
018470|조일알미늄|2,515
006060|화승인더|5,670
000140|하이트진로홀딩스|13,550
143850|TIGER 미국S&P500선물(H)|47,960
385550|KBSTAR KIS단기종합채권(AA-이상)액티브|100,870
226490|KODEX 코스피|26,525
077500|유니퀘스트|11,450
003060|에이프로젠제약|782
136490|선진|13,050
004700|조광피혁|46,300
033180|KH 필룩스|2,000
005810|풍산홀딩스|29,450
128820|대성산업|6,760
00104K|CJ4우(전환)|72,300
404990|신한서부티엔디리츠|5,450
024090|디씨엠|26,700
008350|남선알미늄|2,730
020120|키다리스튜디오|8,230
423160|KODEX KOFR금리액티브(합성)|100,090
003570|SNT중공업|9,030
003570|SNT중공업|9,030
194370|제이에스코퍼레이션|22,400
019680|대교|3,510
003960|사조대림|32,400
005960|동부건설|12,900
001130|대한제분|176,000
009580|무림P&P|4,725
037710|광주신세계|36,750
011785|금호석유우|97,100
009680|모토닉|8,900
077970|STX엔진|12,700
035150|백산|11,950
002030|아세아|132,000
006490|인스코비|2,615
367770|KBSTAR Fn수소경제테마|9,815
012610|경인양행|6,890
013580|계룡건설|32,150
002460|화성산업|23,050
004980|성신양회|11,700
004380|삼익THK|13,600
105840|우진|13,900
332940|HANARO MSCI Korea TR|14,190
003200|일신방직|118,000
001940|KISCO홀딩스|17,400
003920|남양유업|390,500
068290|삼성출판사|28,100
011280|태림포장|3,960
058430|포스코스틸리온|46,650
002710|TCC스틸|11,900
002390|한독|20,300
036530|SNT홀딩스|17,050
015860|일진홀딩스|5,600
000680|LS네트웍스|3,525
290130|KBSTAR ESG사회책임투자|11,825
035510|신세계 I&C|16,000
096760|JW홀딩스|3,870
079430|현대리바트|13,300
014280|금강공업|9,280
001460|BYC|435,000
214330|금호에이치티|1,360
044450|KSS해운|11,750
016450|한세예스24홀딩스|6,660
329200|TIGER 리츠부동산인프라|6,210
322000|현대에너지솔루션|23,750
500053|신한 레버리지 천연가스 선물 ETN|26,460
009155|삼성전기우|91,000
002100|경농|13,550
008060|대덕|7,810
006110|삼아알미늄|23,900
031440|신세계푸드|67,500
092230|KPX홀딩스|61,700
011760|현대코퍼레이션|19,700
000155|두산우|64,900
028100|동아지질|18,450
003160|디아이|8,200
006840|AK홀딩스|19,450
001360|삼성제약|3,825
007160|사조산업|51,200
004560|현대비앤지스틸|16,950
016610|DB금융투자|5,990
010955|S-Oil우|63,200
002810|삼영무역|13,750
213610|KODEX 삼성그룹밸류|8,810
414780|TIGER 차이나과창판STAR50(합성)|7,670
364960|TIGER KRX BBIG K-뉴딜|8,005
025000|KPX케미칼|51,700
001270|부국증권|24,100
001070|대한방직|47,100
011500|한농화성|15,950
101530|해태제과식품|8,550
007210|벽산|3,610
417310|코람코더원리츠|6,120
079980|휴비스|7,150
004360|세방|12,700
00279K|아모레G3우(전환)|34,550
036580|팜스코|6,660
000390|삼화페인트|8,980
039570|HDC랩스|9,410
001340|백광산업|5,400
014160|대영포장|2,230
394660|TIGER 글로벌자율주행&전기차SOLACTIVE|9,845
033920|무학|8,440
091160|KODEX 반도체|35,450
000540|흥국화재|3,710
005680|삼영전자|11,900
097955|CJ제일제당 우|179,000
091170|KODEX 은행|7,445
229640|LS전선아시아|7,740
070960|용평리조트|4,905
005720|넥센|4,330
570045|TRUE 레버리지 천연가스 선물 ETN(H)|23,065
083420|그린케미칼|9,590
103590|일진전기|6,210
102260|동성케미컬|4,605
013570|디와이|8,590
001570|금양|4,520
400760|NH올원리츠|5,290
003120|일성신약|83,400
200880|서연이화|8,280
000970|한국주철관|9,640
234080|JW생명과학|13,850
013360|일성건설|4,055
005389|현대차3우B|90,000
015360|예스코홀딩스|36,350
407310|HANARO 200 TOP10|8,180
006890|태경케미컬|18,600
228800|TIGER 여행레저|4,620
000430|대원강업|3,455
023450|동남합성|59,200
004710|한솔테크닉스|6,630
017550|수산중공업|3,925
325020|KODEX 배당가치|12,660
074610|이엔플러스|3,660
002210|동성제약|7,980
015890|태경산업|7,110
004090|한국석유|16,200
090350|노루페인트|10,300
010820|퍼스텍|4,285
100250|진양홀딩스|3,655
368590|KBSTAR 미국나스닥100|11,875
033530|세종공업|7,290
161510|ARIRANG 고배당주|12,380
007860|서연|8,530
004970|신라교역|12,400
092200|디아이씨|5,080
012030|DB|978
248170|샘표식품|43,000
005945|NH투자증권우|10,350
094280|효성ITX|16,850
006220|제주은행|6,050
002620|제일파마홀딩스|12,150
214390|경보제약|8,070
009270|신원|2,010
078520|에이블씨엔씨|7,090
700001|하나 코스피 변동성추세 추종 양매도 ETN|7,635
267850|아시아나IDT|17,200
015230|대창단조|6,620
009070|KCTC|6,250
401170|KBSTAR iSelect메타버스|8,190
000180|성창기업지주|2,675
003555|LG우|61,600
014790|한라|4,905
182480|TIGER 미국MSCI리츠(합성 H)|14,075
132030|KODEX 골드선물(H)|12,180
396690|미래에셋글로벌리츠|6,280
063160|종근당바이오|33,200
005010|휴스틸|23,250
295040|SOL 200TR|12,095
008700|아남전자|2,330
02826K|삼성물산우B|109,500
412770|TIGER 글로벌메타버스액티브|7,035
334890|이지스밸류리츠|5,750
282690|동아타이어|12,900
012800|대창|1,940
168490|한국패러랠|2,205
004960|한신공영|15,100
007280|한국특강|2,895
168580|KINDEX 중국본토CSI300|26,345
217770|TIGER 원유선물인버스(H)|2,910
275980|TIGER 글로벌4차산업혁신기술(합성 H)|14,930
102280|쌍방울|659
326240|KBSTAR IT플러스|18,300
007540|샘표|59,800
010580|에스엠벡셀|1,530
245710|KINDEX 베트남VN30(합성)|20,480
003830|대한화섬|127,500
016880|웅진|2,110
012690|모나리자|4,600
390950|HANARO 단기채권액티브|100,670
002170|삼양통상|55,700
093230|이아이디|177
004540|깨끗한나라|4,470
192090|TIGER 차이나CSI300|9,820
210540|디와이파워|14,950
002700|신일전자|2,325
017040|광명전기|3,795
372910|한컴라이프케어|5,850
33626K|두산퓨얼셀1우|12,100
008260|NI스틸|5,620
096775|SK이노베이션우|128,500
004310|현대약품|4,995
001750|한양증권|12,550
000860|강남제비스코|24,550
004080|신흥|16,750
379780|KBSTAR 미국S&P500|11,365
302450|KBSTAR 코스피|26,740
017900|광전자|2,740
415340|KODEX 차이나과창판STAR50(합성)|7,660
002140|고려산업|6,350
004140|동방|3,300
000320|노루홀딩스|11,900
000700|유수홀딩스|6,070
015540|쎌마테라퓨틱스|6,410
010040|한국내화|3,830
032560|황금에스티|9,210
069460|대호에이엘|3,000
014530|극동유화|4,455
003560|IHQ|1,025
009470|삼화전기|23,450
008970|동양철관|1,300
006380|카프로|3,860
023800|인지컨트롤스|10,050
329650|KODEX TRF3070|10,900
130730|KOSEF 단기자금|101,350
134380|미원화학|69,500
409820|KODEX 미국나스닥100레버리지(합성 H)|5,560
244920|에이플러스에셋|6,670
267290|경동도시가스|25,550
002450|삼익악기|1,655
123690|한국화장품|9,230
009190|대양금속|4,560
003610|방림|3,475
089470|HDC현대EP|4,590
005740|크라운해태홀딩스|9,860
004150|한솔홀딩스|3,465
004060|SG세계물산|718
011150|CJ씨푸드|4,060
091230|TIGER 반도체|36,335
003547|대신증권2우B|14,450
005430|한국공항|45,550
100840|SNT에너지|19,200
003460|유화증권|2,530
308170|센트랄모텍|16,600
143860|TIGER 헬스케어|28,290
014580|태경비케이|5,150
009810|플레이그램|1,580
002360|SH에너지화학|1,270
271050|KODEX WTI원유선물인버스(H)|4,180
007110|일신석재|1,820
372330|KODEX 차이나항셍테크|5,895
219480|KODEX 미국S&P500선물(H)|19,710
120030|조선선재|111,000
003650|미창석유|80,200
570019|TRUE 코스피 양매도 5% OTM ETN|9,280
067830|세이브존I&C|3,380
019440|세아특수강|16,150
003480|한진중공업홀딩스|4,660
530036|삼성 인버스 2X WTI원유 선물 ETN|115
264900|크라운제과|10,950
006340|대원전선|1,930
053690|한미글로벌|12,450
232080|TIGER 코스닥150|12,465
025820|이구산업|4,065
000300|대유플러스|1,120
28513K|SK케미칼우|63,600
510011|대신 골드 커버드콜 타겟 5%인컴 ETN(H)|13,445
138540|TIGER 현대차그룹+펀더멘털|22,760
520026|미래에셋 코스피 양매도 5% OTM ETN|8,925
228810|TIGER 미디어컨텐츠|7,830
025750|한솔홈데코|1,645
004720|팜젠사이언스|8,510
002220|한일철강|4,920
214420|토니모리|5,460
071970|STX중공업|4,630
024890|대원화성|3,180
003350|한국화장품제조|28,400
510007|대신 2X 니켈선물 ETN(H)|25,625
270810|KBSTAR 코스닥150|12,135
005870|휴니드|9,070
023000|삼원강재|3,190
034300|신세계건설|31,750
332930|HANARO 200TR|42,240
010960|삼호개발|5,050
006880|신송홀딩스|10,650
002880|대유에이텍|1,085
009200|무림페이퍼|3,005
009460|한창제지|2,085
004830|덕성|7,900
016740|두올|3,735
002410|범양건영|4,975
092440|기신정기|4,195
000220|유유제약|7,100
000890|보해양조|875
005750|대림B&Co|7,310
001290|상상인증권|1,120
150460|TIGER 중국소비테마|7,320
017180|명문제약|3,570
034590|인천도시가스|27,650
261220|KODEX WTI원유선물(H)|18,535
002760|보락|2,010
03473K|SK우|212,000
047400|유니온머티리얼|2,850
001550|조비|23,150
071090|하이스틸|5,980
328370|ARIRANG 코스피TR|13,495
309230|KINDEX 미국WideMoat가치주|17,560
005320|국동|2,150
227840|현대코퍼레이션홀딩스|13,100
114260|KODEX 국고채3년|56,255
008250|이건산업|10,700
011090|에넥스|1,970
411420|KODEX 미국메타버스나스닥액티브|6,900
101140|인바이오젠|2,200
012200|계양전기|3,585
016090|대현|2,630
044820|코스맥스비티아이|12,100
004840|DRB동일|5,830
020760|일진디스플|2,260
004440|삼일씨엔에스|9,130
001045|CJ우|51,300
004410|서울식품|307
350520|이지스레지던스리츠|5,620
278240|KBSTAR 코스닥150선물레버리지|11,265
163560|동일고무벨트|8,280
002720|국제약품|5,720
273140|KODEX 단기변동금리부채권액티브|103,525
010600|웰바이오텍|1,725
011810|STX|3,995
000520|삼일제약|8,330
001260|남광토건|11,600
000500|가온전선|27,400
014710|사조씨푸드|6,650
027740|마니커|1,790
009180|한솔로지스틱스|4,135
031820|콤텍시스템|937
007980|태평양물산|2,355
004770|써니전자|3,250
006370|대구백화점|10,450
33637K|솔루스첨단소재1우|15,300
363510|SOL KIS단기통안채|100,925
000910|유니온|7,150
005800|신영와코루|12,400
075180|새론오토모티브|5,790
155660|DSR|6,940
363570|KODEX 장기종합채권(AA-이상)액티브KAP|87,780
002630|오리엔트바이오|927
002795|아모레G우|17,000
380440|엔에이치스팩19호|2,135
002600|조흥|184,500
400570|KODEX 유럽탄소배출권선물ICE(H)|14,500
129260|인터지스|3,680
004270|남성|3,020
013870|지엠비코리아|5,730
009320|대우부품|2,290
417630|TIGER KEDI혁신기업ESG30|9,640
385560|KBSTAR KIS국고채30년Enhanced|77,745
015590|큐로|468
035000|지투알|6,530
152550|한국ANKOR유전|1,540
252710|TIGER 200선물인버스2X|2,780
570022|TRUE 레버리지 S&P500 선물 ETN(H)|21,460
011390|부산산업|101,500
019175|신풍제약우|48,600
003780|진양산업|8,200
003720|삼영화학|3,130
001020|페이퍼코리아|2,235
006660|삼성공조|13,050
570043|TRUE 레버리지 나스닥 100 ETN|21,125
024900|덕양산업|3,240
367760|KBSTAR Fn5G테크|9,535
012160|영흥|1,035
007590|동방아그로|7,700
134790|시디즈|52,300
001080|만호제강|25,200
004910|조광페인트|8,150
058730|다스코|6,110
091090|세원이앤씨|660
395170|KODEX Fn Top10동일가중|7,710
013700|까뮤이앤씨|2,275
009440|KC그린홀딩스|4,570
078000|텔코웨어|10,550
143210|핸즈코퍼레이션|4,645
357250|미래에셋맵스리츠|5,040
002200|한국수출포장|25,300
111110|호전실업|10,300
008420|문배철강|4,895
058850|KTcs|2,350
365780|KINDEX 국고채10년|87,940
006090|사조오양|10,550
026940|부국철강|4,955
023350|한국종합기술|8,960
423920|TIGER 미국필라델피아반도체레버리지(합성)|10,505
395750|ARIRANG ESG가치주액티브|8,440
058860|KTis|2,750
245340|TIGER 미국다우존스30|20,790
012170|아센디오|1,185
023810|인팩|9,540
118000|초록뱀헬스케어|1,125
245360|TIGER 차이나HSCEI|9,210
006980|우성|30,700
100220|비상교육|7,290
001560|제일연마|9,470
027970|세하|1,645
139220|TIGER 200 건설|2,805
267770|TIGER 200선물레버리지|13,905
004450|삼화왕관|43,900
000650|천일고속|66,100
011330|유니켐|1,295
090080|평화산업|1,715
025620|제이준코스메틱|1,260
119650|KC코트렐|5,320
014440|영보화학|4,660
049800|우진플라임|4,680
000157|두산2우B|104,000
003010|혜인|7,240
338100|NH프라임리츠|4,955
282000|KBSTAR 국고채3년선물인버스|103,680
277630|TIGER 코스피|26,960
002690|동일제강|4,510
000950|전방|54,200
000950|전방|54,200
069730|DSR제강|6,320
204480|TIGER 차이나CSI300레버리지(합성)|21,250
021050|서원|1,905
003080|성보화학|4,495
023960|에쓰씨엔지니어링|2,885
041650|상신브레이크|4,180
304940|KODEX 미국나스닥100선물(H)|15,865
283580|KODEX 차이나CSI300|12,000
133820|화인베스틸|2,990
261240|KODEX 미국달러선물|11,245
012320|경동인베스트|37,350
120115|코오롱인더우|31,550
085310|엔케이|1,090
500015|신한 WTI원유 선물 ETN(H)|8,690
322400|HANARO e커머스|14,980
013520|화승코퍼레이션|1,715
305080|TIGER 미국채10년선물|11,750
005360|모나미|4,560
337160|KODEX 200ESG|12,880
510008|대신 철광석 선물 ETN(H)|42,300
144600|KODEX 은선물(H)|4,375
176950|KODEX 국채선물10년인버스|51,700
37550L|DL이앤씨2우(전환)|39,800
002920|유성기업|3,230
006200|한국전자홀딩스|1,790
008600|윌비스|1,235
001140|국보|1,190
325010|KODEX Fn성장|14,520
092780|동양피스톤|6,280
004870|티웨이홀딩스|755
378850|화승알앤에이|4,285
272560|KBSTAR 단기국공채액티브|102,510
021820|세원정공|8,090
363580|KODEX 200IT TR|12,015
023150|MH에탄올|10,800
008110|대동전자|7,550
414270|KINDEX G2전기차&자율주행액티브|8,775
364970|TIGER KRX바이오K-뉴딜|6,355
001380|SG글로벌|1,755
000850|화천기공|35,550
012280|영화금속|1,440
139280|TIGER 경기방어|9,480
139230|TIGER 200 중공업|3,000
006805|미래에셋증권우|5,410
298340|ARIRANG 국채선물3년|52,010
000040|KR모터스|781
117700|KODEX 건설|3,110
550042|QV 레버리지 WTI원유 선물 ETN(H)|1,870
000590|CS홀딩스|64,600
002870|신풍제지|2,105
019180|티에이치엔|4,035
014990|인디에프|1,030
419430|KODEX 차이나2차전지MSCI(합성)|9,290
500029|신한 레버리지 은 선물 ETN(H)|7,220
109070|컨버즈|4,100
411540|SOL 200 Top10|8,365
000725|현대건설우|68,100
37550K|DL이앤씨우|33,950
009770|삼정펄프|28,700
015020|이스타코|1,670
157490|TIGER 소프트웨어|11,595
195980|ARIRANG 신흥국MSCI(합성 H)|9,725
225040|TIGER 미국S&P500레버리지(합성 H)|26,960
002070|비비안|2,385
010660|화천기계|3,230
298770|KODEX 한국대만IT프리미어|18,150
002820|SUN&L|5,500
014130|한익스프레스|5,850
385520|KODEX K-미래차액티브|10,460
009310|참엔지니어링|1,175
266160|KBSTAR 고배당|12,225
228790|TIGER 화장품|2,550
390390|KODEX 미국반도체MV|10,265
145270|케이탑리츠|1,430
008870|금비|68,400
000215|DL우|40,000
385510|KODEX K-신재생에너지액티브|10,370
388280|KBSTAR Fn컨택트대표|8,885
195930|TIGER 유로스탁스50(합성 H)|12,855
000105|유한양행우|56,600
123700|SJM|4,250
078935|GS우|36,900
570050|TRUE S&P500 선물 ETN|13,040
001275|부국증권우|21,400
013000|세우글로벌|2,240
114820|TIGER 국채3년|106,475
570044|TRUE 인버스 2X 나스닥 100 ETN|2,115
093240|형지엘리트|2,025
044380|주연테크|1,065
174360|KBSTAR 중국본토대형주CSI100|18,010
580010|KB Wise 분할매매 ETN|10,420
001620|케이비아이동국실업|712
200250|KOSEF 인도Nifty50(합성)|17,795
530099|삼성 블룸버그 레버리지 WTI원유 선물 ETN|24,480
006570|대림통상|4,010
011420|갤럭시아에스엠|2,210
005305|롯데칠성우|78,400
387280|TIGER 퓨처모빌리티액티브|10,300
570051|TRUE 나스닥 100 ETN|12,045
391600|KINDEX 미국친환경그린테마INDXX|9,345
302190|TIGER 중장기국채|48,745
010400|우진아이엔에스|7,800
310960|TIGER 200TR|18,930
332500|KINDEX 200TR|21,680
025560|미래산업|13,100
520004|미래에셋 전기전자 Core5 ETN|29,050
530053|삼성 코스피 풋매도 ETN|11,605
233160|TIGER 코스닥150 레버리지|11,455
396500|TIGER Fn반도체TOP10|8,790
017370|우신시스템|3,130
005030|부산주공|869
099140|KODEX 차이나H|15,900
025530|SJM홀딩스|3,815
090370|메타랩스|764
396510|TIGER 차이나클린에너지SOLACTIVE|8,880
072130|유엔젤|4,305
123310|TIGER 인버스|4,980
051630|진양화학|4,700
030720|동원수산|12,100
500027|신한 인버스 2X WTI원유 선물 ETN(H)|110
005820|원림|24,050
371470|TIGER 차이나바이오테크SOLACTIVE|7,035
010640|진양폴리|5,440
010770|평화홀딩스|3,700
007610|선도전기|3,000
354350|HANARO 글로벌럭셔리S&P(합성)|15,710
387270|TIGER 글로벌BBIG액티브|9,810
204450|KODEX 차이나H레버리지(H)|2,625
003680|한성기업|8,530
015260|에이엔피|2,365
008775|호텔신라우|70,100
084670|동양고속|18,200
024070|WISCOM|3,415
007120|미래아이앤지|402
550068|QV 코스닥 150 ETN|12,855
315960|KBSTAR 대형고배당10TR|15,030
361580|KBSTAR 200TR|18,245
019685|대교우B|2,600
005110|한창|752
069640|한세엠케이|3,890
004920|씨아이테크|1,255
400590|SOL 글로벌탄소배출권선물IHS(합성)|13,185
419890|히어로즈 단기채권ESG액티브|99,980
004100|태양금속|1,365
155900|바다로19호|3,270
117680|KODEX 철강|8,920
570078|TRUE 블룸버그 레버리지 WTI원유 선물 ETN|24,495
014910|성문전자|2,495
000760|이화산업|17,250
341850|TIGER 리츠부동산인프라채권TR KIS|5,780
550044|QV 레버리지 S&P500 ETN|23,905
003535|한화투자증권우|9,960
256440|KINDEX 인도네시아MSCI(합성)|10,085
001210|금호전기|2,265
500058|신한 S&P500 VIX S/T 선물 ETN C|9,455
385720|TIMEFOLIO Kstock액티브|9,030
018500|동원금속|999
261260|KODEX 미국달러선물인버스2X|7,640
122260|KOSEF 통안채1년|101,170
136340|KBSTAR 중기우량회사채|102,405
006125|SK디스커버리우|33,650
003465|유화증권우|2,615
371450|TIGER 글로벌클라우드컴퓨팅INDXX|7,975
003475|유안타증권우|3,530
520003|미래에셋 원자재 선물 ETN(H)|15,150
269540|ARIRANG 미국S&P500(H)|17,315
570067|TRUE 코스피 200 ETN|8,985
500054|신한 인버스 2X 천연가스 선물 ETN|310
276970|KODEX 미국S&P고배당커버드콜(합성 H)|9,960
33626L|두산퓨얼셀2우B|15,000
530091|삼성 코스피 200 ETN|8,945
368190|HANARO Fn K-뉴딜디지털플러스|8,710
002420|세기상사|10,300
088790|진도|3,530
123320|TIGER 레버리지|17,570
009140|경인전자|27,800
570029|TRUE 코스피 양매도 3% OTM ETN|8,695
530093|삼성 코스닥 150 ETN|8,555
152380|KODEX 국채선물10년|63,640
102970|KODEX 증권|6,715
025890|한국주강|3,770
300640|KBSTAR 게임테마|12,880
084870|TBH글로벌|2,035
530019|삼성 미국 대형 성장주 ETN|21,040
422420|KBSTAR 2차전지액티브|10,125
365000|TIGER KRX인터넷K-뉴딜|6,800
137610|TIGER 농산물선물Enhanced(H)|9,220
225800|KOSEF 미국달러선물레버리지|11,000
204210|모두투어리츠|5,290
306520|HANARO 200선물인버스|10,325
001420|태원물산|5,430
402970|KINDEX 미국고배당S&P|10,860
010420|한솔PNS|2,005
520050|미래에셋 인버스 2X 원유선물혼합 ETN(H)|16,420
418660|TIGER 미국나스닥100레버리지(합성)|8,890
108450|KINDEX 삼성그룹섹터가중|15,140
256750|KODEX 차이나심천ChiNext(합성)|10,745
00499K|롯데지주우|50,500
130680|TIGER 원유선물Enhanced(H)|5,575
292190|KODEX KRX300|16,105
530100|삼성 블룸버그 인버스 2X WTI원유 선물 ETN|16,130
520032|미래에셋 K200 Auto-KO-P 2206-01 ETN|13,390
114460|KINDEX 국고채3년|102,690
244580|KODEX 바이오|9,070
003495|대한항공우|35,650
356540|KINDEX 종합채권(AA-이상)KIS액티브|93,435
520046|미래에셋 레버리지 옥수수 선물 ETN|39,250
610035|메리츠 레버리지 대표 농산물 선물 ETN(H)|38,755
279530|KODEX 고배당|10,165
530071|삼성 인버스 2X 나스닥 100 ETN(H)|7,720
580016|KB 레버리지 S&P 500 선물 ETN(H)|9,625
203780|TIGER 미국나스닥바이오|17,425
001770|SHD|31,500
394350|KOSEF 릭소글로벌퓨처모빌리티MSCI|10,045
530020|삼성 미국 대형 가치주 ETN|19,030
530015|삼성 미국 대형 성장주 ETN(H)|19,025
009835|한화솔루션우|33,500
012600|센트럴인사이트|2,490
001465|BYC우|173,500
138230|KOSEF 미국달러선물|13,320
033250|체시스|1,165
304780|HANARO 200선물레버리지|20,110
359210|KODEX 코스피TR|12,360
376410|TIGER 탄소효율그린뉴딜|8,565
500018|신한 구리 선물 ETN(H)|18,400
266360|KODEX 미디어&엔터테인먼트|16,670
700011|하나 레버리지 옥수수 선물 ETN(H)|36,290
218420|KODEX 미국S&P에너지(합성)|12,475
530061|삼성 레버리지 은 선물 ETN(H)|11,990
550067|QV 코스피 200 ETN|35,930
114470|KOSEF 국고채3년|108,155
500050|신한 레버리지 S&P500 선물 ETN|17,810
266370|KODEX IT|18,720
500037|신한 레버리지 금 선물 ETN|17,560
011230|삼화전자|3,355
395760|ARIRANG ESG성장주액티브|8,315
700013|하나 레버리지 콩 선물 ETN(H)|34,500
003925|남양유업우|207,000
219390|KBSTAR 미국S&P원유생산기업(합성 H)|6,335
071950|코아스|1,115
530016|삼성 미국 대형 가치주 ETN(H)|17,210
530023|삼성 레버리지 China A50 선물 ETN(H)|34,280
510015|대신 밀 선물 ETN(H)|17,120
252420|KBSTAR 200선물인버스2X|2,650
261270|KODEX 미국달러선물인버스|9,015
210780|TIGER 코스피고배당|15,055
520030|미래에셋 KRX금현물 Auto-KO-C 2312-01 ETN|11,270
284430|KODEX 200미국채혼합|12,405
520010|미래에셋 원유선물혼합 ETN(H)|33,610
404260|KODEX KRX기후변화솔루션|8,790
411060|KINDEX KRX금현물|10,770
005257|녹십자홀딩스2우|39,350
381560|HANARO Fn전기&수소차|8,445
243880|TIGER 200IT레버리지|43,535
404540|TIGER KRX기후변화솔루션|8,925
326230|KBSTAR 내수주플러스|8,735
385600|KINDEX 친환경자동차밸류체인액티브|10,090
35320K|대덕전자1우|15,350
570079|TRUE 블룸버그 인버스 2X WTI원유 선물 ETN|16,090
336160|KBSTAR 금융채액티브|100,155
227540|TIGER 200 헬스케어|18,155
011300|성안|554
007815|코리아써우|10,600
140910|에이리츠|7,060
004255|NPC우|5,930
590018|미래에셋 중국 심천 100 ETN|15,585
500020|신한 레버리지 다우존스지수 선물 ETN(H)|30,970
550066|QV S&P500 버퍼10% 9월 ETN|10,300
145210|다이나믹디자인|5,790
530014|삼성 China A50 선물 ETN(H)|15,090
407830|에셋플러스 글로벌플랫폼액티브|6,030
304770|HANARO 코스닥150|12,150
33637L|솔루스첨단소재2우B|18,150
139270|TIGER 200 금융|6,905
500004|신한 브렌트원유 선물 ETN(H)|14,875
530055|삼성 레버리지 금 선물 ETN(H)|29,595
248270|TIGER S&P글로벌헬스케어(합성)|19,015
500032|신한 인버스 2X 천연가스 선물 ETN(H)|190
001795|대한제당우|4,350
108675|LX하우시스우|27,300
096300|베트남개발1|204
500023|신한 콩 선물 ETN(H)|13,960
520006|미래에셋 에너지화학 Core5 ETN|13,840
287180|ARIRANG 미국나스닥테크|20,350
236350|TIGER 인도니프티50레버리지(합성)|22,500
397410|KBSTAR 국채선물5년추종인버스|53,165
217780|TIGER 차이나CSI300인버스(합성)|8,570
580020|KB 천연가스 선물 ETN(H)|27,420
510016|대신 천연가스 선물 ETN(H)|27,400
010145|삼성중공우|238,000
375770|KODEX 탄소효율그린뉴딜|8,535
500016|신한 금 선물 ETN(H)|13,655
004365|세방우|7,400
570046|TRUE 인버스 2X 천연가스 선물 ETN(H)|585
500035|신한 레버리지 미국달러 선물 ETN|13,375
385590|KINDEX ESG액티브|8,080
510021|대신 인버스 2X 알루미늄 선물 ETN(H)|26,615
169950|KODEX 차이나A50|18,955
337140|KODEX 코스피대형주|12,575
399110|SOL 미국S&P500ESG|10,125
500013|신한 옥수수 선물 ETN(H)|13,115
530067|삼성 KRX 금현물 ETN|13,045
239660|ARIRANG 우량회사채50 1년|108,670
332620|ARIRANG 미국장기우량회사채|87,980
428560|KODEX 미국ETF산업Top10 Indxx|9,830
36328K|티와이홀딩스우|20,300
160580|TIGER 구리실물|10,835
304660|KODEX 미국채울트라30년선물(H)|9,785
388420|KBSTAR 비메모리반도체액티브|10,065
001685|대상우|18,450
520042|미래에셋 코스닥150 Auto-KO-P 2212-01 ETN|12,540
520034|미래에셋 인버스 2X 은 선물 ETN|25,075
269420|KODEX S&P글로벌인프라(합성)|14,185
276650|KBSTAR 글로벌4차산업IT(합성 H)|19,265
250780|TIGER 코스닥150선물인버스|4,815
397420|KBSTAR 국채선물5년추종|47,410
008500|일정실업|20,800
570062|TRUE 인버스 2X 은 선물 ETN|24,925
181480|KINDEX 미국다우존스리츠(합성 H)|89,000
520035|미래에셋 KRX금 Auto-KO-C(참200) 2210 ETN|12,370
266420|KODEX 헬스케어|12,370
138520|TIGER 삼성그룹펀더멘털|10,965
500065|신한 블룸버그 레버리지 WTI원유 선물 ETN|24,480
520045|미래에셋 K200 Auto-KO-P 2212-01 ETN|12,220
700015|하나 S&P 레버리지 WTI원유 선물 ETN|24,435
550071|QV 블룸버그 2X WTI원유선물 ETN|24,390
580018|KB 레버리지 항셍테크 선물 ETN(H)|2,190
319640|TIGER 골드선물(H)|13,020
365040|TIGER AI코리아그로스액티브|11,990
396520|TIGER 차이나반도체FACTSET|7,050
000087|하이트진로2우B|21,200
332610|ARIRANG 미국단기우량회사채|104,120
610041|메리츠 블룸버그 레버리지 WTI선물 ETN(H)|23,825
580036|KB S&P 레버리지 WTI원유 선물 ETN(H)|23,775
019490|하이트론|2,470
252000|TIGER 200동일가중|11,830
520014|미래에셋 미디어엔터 Core5 ETN|11,825
570066|TRUE 인버스 2X 베트남 VN30 선물 ETN(H)|23,565
500017|신한 은 선물 ETN(H)|11,690
377990|TIGER Fn신재생에너지|8,780
510005|대신 2X 아연선물 ETN(H)|11,480
152870|파워 200|35,315
530066|삼성 코스피 풋매도 4% OTM ETN|11,460
550061|QV 인버스 미국 IT TOP5 ETN(H)|11,450
114100|KBSTAR 국고채3년|108,790
280930|KODEX 미국러셀2000(H)|11,910
550065|QV 인버스 레버리지 은 선물 ETN(H)|22,610
610017|메리츠 인버스 2X 은 선물 ETN(H)|22,575
140710|KODEX 운송|6,245
570070|TRUE 인버스 2X 플래티넘 선물 ETN|22,230
570059|TRUE 레버리지 금 선물 ETN|22,120
174350|TIGER 로우볼|12,010
329670|KODEX TRF7030|12,925
385710|TIMEFOLIO BBIG액티브|8,435
500001|신한 K200 USD 선물 바이셀 ETN|10,955
500061|신한 인버스 코스피 200 선물 ETN|10,940
395290|HANARO Fn K-POP&미디어|8,720
520038|미래에셋 인버스 코스피200 선물 ETN|10,870
139240|TIGER 200 철강소재|9,235
520040|미래에셋 인버스 코스닥150 선물 ETN|10,795
364990|TIGER KRX게임K-뉴딜|7,420
500063|신한 인버스 코스닥 150 선물 ETN|10,745
500040|신한 레버리지 구리 선물 ETN|21,475
230480|KOSEF 미국달러선물인버스2X|6,710
329660|KODEX TRF5050|11,890
570073|TRUE 인버스 2X 구리 선물 ETN|21,355
000225|유유제약1우|9,390
237370|KODEX 배당성장채권혼합|11,750
570060|TRUE 인버스 2X 금 선물 ETN|20,970
244670|KODEX 밸류Plus|9,080
550059|QV iSelect 글로벌 EMP ETN(H)|10,395
277540|KINDEX 아시아TOP50S&P|12,560
002355|넥센타이어1우B|3,185
421320|ARIRANG iSelect우주항공&UAM|9,995
38380K|LX홀딩스1우|13,950
395160|KODEX Fn시스템반도체|9,290
168300|KTOP 코스피50|24,135
271060|KODEX 3대농산물선물(H)|15,635
610001|메리츠 인플레이션 국채 ETN|10,065
610002|메리츠 레버리지 인플레이션 국채 ETN|10,040
139250|TIGER 200 에너지화학|16,700
211900|KODEX 배당성장|14,240
550062|QV 레버리지 금 선물 ETN(H)|19,860
550070|QV 인버스 레버리지 구리 선물 ETN(H)|19,730
700010|하나 인버스 2X 구리 선물 ETN(H)|19,690
610029|메리츠 인버스 2X 구리 선물 ETN(H)|19,660
500064|신한 FnGuide 폐기물처리 ETN|9,785
002025|코오롱우|18,100
500009|신한 다우존스지수 선물 ETN(H)|19,465
401590|HANARO 글로벌탄소배출권선물ICE(합성)|12,975
570072|TRUE 레버리지 구리 선물 ETN|19,445
610012|메리츠 레버리지 금 선물 ETN(H)|19,410
292160|TIGER KRX300|16,155
610003|메리츠 미국 인플레이션 국채 ETN(H)|9,670
18064K|한진칼우|35,800
610013|메리츠 인버스 2X 금 선물 ETN(H)|19,210
030790|비케이탑스|904
580019|KB 인버스 2X 항셍테크 선물 ETN|19,100
000075|삼양홀딩스우|62,500
550060|QV S&P500 VIX S/T 선물 ETN C|9,475
395280|HANARO Fn K-게임|5,950
253250|KOSEF 200선물레버리지|16,540
265690|KINDEX 러시아MSCI(합성)|10,070
570069|TRUE 레버리지 플래티넘 선물 ETN|18,590
550063|QV 인버스 레버리지 금 선물 ETN(H)|18,575
610004|메리츠 미국레버리지 인플레이션국채ETN(H)|9,245
300950|KODEX 게임산업|9,730
252400|KBSTAR 200선물레버리지|16,730
117460|KODEX 에너지화학|16,400
140700|KODEX 보험|6,800
530070|삼성 레버리지 나스닥 100 ETN(H)|9,145
520037|미래에셋 코스피200 선물 ETN|9,075
102960|KODEX 기계장비|5,365
530063|삼성 레버리지 구리 선물 ETN(H)|17,960
500060|신한 코스피 200 ETN|8,940
292730|FOCUS KRX300|16,205
550041|QV 미국 IT TOP5 ETN(H)|25,445
610028|메리츠 레버리지 구리 선물 ETN(H)|17,810
550069|QV 레버리지 구리 선물 ETN(H)|17,800
700009|하나 레버리지 구리 선물 ETN(H)|17,760
520039|미래에셋 코스닥150 선물 ETN|8,875
227830|ARIRANG 코스피|27,190
000885|한화우|36,900
352560|KODEX 다우존스미국리츠(H)|13,585
213630|ARIRANG 미국다우존스고배당주(합성 H)|17,065
530062|삼성 인버스 2X 은 선물 ETN(H)|1,755
520013|미래에셋 Q150 Core5 ETN|8,755
400580|SOL 유럽탄소배출권선물S&P(H)|14,565
428510|KODEX 차이나메타버스액티브|10,255
510003|대신 니켈선물 ETN(H)|24,810
261250|KODEX 미국달러선물레버리지|11,550
530076|삼성 인버스 2X HSCEI ETN(H)|17,265
520036|미래에셋 KRX 금Auto-KO-P(참100) 2210 ETN|8,620
289260|TIGER MSCI KOREA ESG리더스|9,575
016385|KG스틸우|322,000
354500|KINDEX 코스닥150|12,265
500062|신한 코스닥 150 ETN|8,570
322410|HANARO 고배당|11,415
331910|KOSEF Fn중소형|22,840
360140|KODEX 200롱코스닥150숏선물|10,550
245350|TIGER 유로스탁스배당30|11,780
510019|대신 인버스 천연가스 선물 ETN(H)|3,285
223190|KODEX 200가치저변동|10,185
308620|KODEX 미국채10년선물|11,515
500066|신한 블룸버그 인버스 2X WTI원유 선물 ETN|16,080
276990|KODEX 글로벌4차산업로보틱스(합성)|14,805
237350|KODEX 코스피100|26,765
700016|하나 S&P 인버스 2X WTI원유 선물 ETN|16,055
580037|KB S&P 인버스 2X WTI원유 선물 ETN|16,040
122090|ARIRANG 코스피50|23,930
550072|QV 블룸버그 -2X WTI원유선물 ETN|15,790
300610|TIGER K게임|10,855
289040|KODEX MSCI KOREA ESG유니버설|10,415
610042|메리츠 블룸버그 인버스 2X WTI선물 ETN(H)|15,615
276000|TIGER 글로벌자원생산기업(합성 H)|16,435
520033|미래에셋 레버리지 은 선물 ETN|15,590
610010|메리츠 인버스 2X 국채30년 ETN|15,530
570074|TRUE S&P 유럽탄소배출권 선물 ETN(H)|15,525
610030|메리츠 S&P 유럽탄소배출권 선물 ETN(H)|15,495
227570|TIGER 우량가치|11,225
570061|TRUE 레버리지 은 선물 ETN|15,485
009415|태영건설우|11,850
610031|메리츠 S&P 유럽탄소배출권 선물 ETN|15,260
520043|미래에셋 S&P 유럽탄소배출권 선물 ETN|15,255
500059|신한 FnGuide 메타버스 ETN|7,625
153270|KOSEF 코스피100|26,195
570065|TRUE 레버리지 베트남 VN30 선물 ETN(H)|15,180
411050|KINDEX 글로벌메타버스테크액티브|7,200
266410|KODEX 필수소비재|7,545
145995|삼양사우|40,550
225130|KINDEX 골드선물 레버리지(합성 H)|16,580
530082|삼성 인버스 2X 항셍테크 ETN(H)|14,715
422260|VITA MZ소비액티브|8,635
411720|KBSTAR 글로벌메타버스Moorgate|8,090
500041|신한 인버스 2X 구리 선물 ETN|2,905
001515|SK증권우|3,695
004835|덕성우|10,300
570047|TRUE FTSE100 ETN|14,370
285690|FOCUS ESG리더스|10,605
306950|KODEX KRX300레버리지|14,300
183700|KBSTAR 채권혼합|59,580
182490|TIGER 단기선진하이일드(합성 H)|11,830
610034|메리츠 대표 농산물 선물 ETN(H)|14,155
610016|메리츠 레버리지 은 선물 ETN(H)|14,145
550064|QV 레버리지 은 선물 ETN(H)|14,125
238720|KINDEX 일본Nikkei225(H)|17,635
241180|TIGER 일본니케이225|15,640
241390|KBSTAR V&S셀렉트밸류채권혼합|11,670
253160|ARIRANG 200선물인버스2X|5,355
412570|TIGER KRX2차전지K-뉴딜레버리지|6,780
510020|대신 2X 알루미늄 선물 ETN(H)|13,870
530074|삼성 인버스 HSCEI ETN(H)|13,865
138910|KODEX 구리선물(H)|7,695
530064|삼성 인버스 2X 구리 선물 ETN(H)|2,775
530080|삼성 인버스 항셍테크 ETN(H)|13,800
211560|TIGER 배당성장|17,660
570053|TRUE 인버스 플래티넘 선물 ETN|13,745
610006|메리츠 인버스 2X KRX300 선물 ETN|13,680
530081|삼성 레버리지 항셍테크 ETN(H)|2,655
580021|KB 인버스 천연가스 선물 ETN|5,295
570058|TRUE 인버스 은 선물 ETN|13,185
253290|KBSTAR 헬스케어채권혼합|10,940
404120|TIMEFOLIO 탄소중립액티브|8,735
337150|KODEX 200exTOP|11,800
500006|신한 인버스 금 선물 ETN(H)|6,475
520015|미래에셋 인버스 미디어엔터 Core5 ETN|12,945
316670|KOSEF 코스닥150|6,100
360150|KODEX 코스닥150롱코스피200숏선물|8,615
500030|신한 인버스 2X 은 선물 ETN(H)|2,550
005725|넥센우|3,505
00806K|대덕1우|10,400
610009|메리츠 인버스 국채30년 ETN|12,580
500036|신한 인버스 2X 미국달러 선물 ETN|6,285
289250|TIGER MSCI KOREA ESG유니버설|10,465
138530|TIGER LG그룹+펀더멘털|9,080
278620|ARIRANG 단기채권액티브|106,155
407820|에셋플러스 코리아플랫폼액티브|7,820
510009|대신 인버스 철광석 선물 ETN(H)|1,135
004985|성신양회우|16,900
610025|메리츠 인버스 2X 미국채10년 ETN(H)|12,400
510014|대신 알루미늄 선물 ETN(H)|12,400
091220|TIGER 은행|7,835
373790|KOSEF 미국방어배당성장나스닥|13,695
426030|TIMEFOLIO 미국나스닥100액티브|10,215
419420|KODEX 미국클린에너지나스닥|8,750
426020|TIMEFOLIO 미국S&P500액티브|10,135
500024|신한 인버스 콩 선물 ETN(H)|6,080
510017|대신 2X 철광석 선물 ETN(H)|12,100
200030|KODEX 미국S&P산업재(합성)|21,070
570028|TRUE 인버스 HSCEI ETN(H) B|12,090
500002|신한 USD K200 선물 바이셀 ETN|6,045
251600|ARIRANG 고배당주채권혼합|10,945
007575|일양약품우|26,500
580013|KB KRX ESG Eco ETN|11,760
196030|KINDEX 일본TOPIX레버리지(H)|19,515
580035|KB S&P 유럽탄소배출권 선물 ETN(H)|11,680
140950|파워 코스피100|26,465
580011|KB FnGuide 언택트 ETN|11,625
570049|TRUE S&P500 양매도 4% OTM ETN(H)|11,540
000995|DB하이텍1우|102,500
26490K|크라운제과우|14,850
500011|신한 달러인덱스 선물 ETN(H)|11,435
292500|SOL KRX300|16,335
413930|WOORI AI ESG액티브|8,790
550043|QV 인버스 레버리지 WTI원유 선물 ETN(H)|95
530098|삼성 블룸버그 WTI원유 선물 ETN|11,345
084695|대상홀딩스우|12,400
570077|TRUE 블룸버그 WTI원유 선물 ETN|11,320
580027|KB 인버스 2X 은 선물 ETN(H)|22,635
252650|KODEX 200동일가중|11,310
570048|TRUE 유로스탁스50 양매도 5% OTM ETN(H)|11,310
285000|KBSTAR 200IT|14,115
279540|KODEX 최소변동성|11,230
610024|메리츠 인버스 미국채10년 ETN(H)|11,165
500014|신한 인버스 옥수수 선물 ETN(H)|5,550
570056|TRUE 인버스 금 선물 ETN|11,075
610021|메리츠 인버스 2X 국채10년 ETN|11,055
104530|KOSEF 고배당|9,200
570055|TRUE 금 선물 ETN|11,030
570064|TRUE 인버스 베트남 VN30 선물 ETN(H)|11,010
423170|SOL 한국형글로벌반도체액티브|9,980
289670|ARIRANG 국채선물10년|51,555
610015|메리츠 인버스 은 선물 ETN(H)|10,925
530092|삼성 인버스 코스피 200 선물 ETN|10,915
530090|삼성 인버스 은 선물 ETN(H)|10,910
500008|신한 인버스 구리 선물 ETN(H)|5,445
225050|TIGER 유로스탁스레버리지(합성 H)|7,765
272910|KINDEX 중장기국공채액티브|96,145
248260|TIGER 일본TOPIX헬스케어(합성)|10,830
570023|TRUE 인버스 2X S&P500 선물 ETN(H)|2,165
530094|삼성 인버스 코스닥 150 선물 ETN|10,810
229720|KODEX KTOP30|17,900
700008|하나 인버스 코스닥150 선물 ETN|10,735
580015|KB 레버리지 나스닥 100 ETN|10,710
390400|KODEX 미국스마트모빌리티S&P|7,140
292050|KBSTAR KRX300|16,375
700014|하나 인버스 2X 콩 선물 ETN(H)|10,570
104520|KOSEF 블루칩|8,805
610020|메리츠 인버스 국채10년 ETN|10,560
520047|미래에셋 인버스 2X 옥수수 선물 ETN|10,505
225060|TIGER 이머징마켓MSCI레버리지(합성 H)|8,445
368680|KODEX Fn K-뉴딜디지털플러스|8,705
530078|삼성 인버스 나스닥 100 ETN(H)|10,430
367740|HANARO Fn5G산업|13,010
570071|TRUE 구리 선물 ETN|10,390
500056|신한 레버리지 Russell 2000 ETN|10,380
500055|신한 인버스 Russell 2000 ETN|10,330
580017|KB 인버스 2X S&P 500 선물 ETN|10,325
760001|키움 미국달러선물 ETN|10,315
395150|KODEX Fn웹툰&드라마|6,875
138920|KODEX 콩선물(H)|14,690
272570|KBSTAR 중장기국공채액티브|98,650
429010|TIGER 미국나스닥넥스트100|10,220
500007|신한 인버스 은 선물 ETN(H)|5,100
375760|HANARO 탄소효율그린뉴딜|8,480
352540|KODEX TSE일본리츠(H)|12,695
415760|SOL 차이나육성산업액티브(합성)|7,800
399580|KBSTAR 글로벌클린에너지S&P|8,435
530096|삼성 인버스 구리 선물 ETN(H)|10,080
270800|KBSTAR KQ고배당|14,395
610027|메리츠 인버스 구리 선물 ETN(H)|10,075
418670|TIGER 글로벌사이버보안INDXX|9,670
429000|TIGER 미국S&P500배당귀족|10,045
307010|KBSTAR KRX300레버리지|14,335
195920|TIGER 일본TOPIX(합성 H)|15,670
530002|삼성 인버스 China A50 선물 ETN(H)|10,015
253150|ARIRANG 200선물레버리지|33,320
530083|삼성 금 선물 ETN(H)|9,940
403790|마이다스 KoreaStock액티브|19,000
610011|메리츠 금 선물 ETN(H)|9,935
520049|미래에셋 코스닥150 Auto-KO-C 2303-01 ETN|9,930
143460|KINDEX 밸류대형|8,980
580033|KB 인버스 2X 구리 선물 ETN(H)|19,765
251590|ARIRANG 고배당저변동50|11,600
139660|KOSEF 미국달러선물인버스|9,385
316300|KINDEX 싱가포르리츠|12,315
570054|TRUE 레버리지 유로스탁스50 ETN(H) B|9,845
510002|대신 아연선물 ETN(H)|14,000
530084|삼성 인버스 금 선물 ETN(H)|9,775
100910|KOSEF KRX100|5,430
001755|한양증권우|18,600
520007|미래에셋 인버스 에너지화학 Core5 ETN|4,880
580022|KB 레버리지 금 선물 ETN(H)|19,495
700012|하나 인버스 2X 옥수수 선물 ETN(H)|9,695
280320|KINDEX 미국IT인터넷S&P(합성 H)|12,100
250730|KBSTAR 차이나HSCEI(H)|8,060
244620|KODEX 모멘텀Plus|12,085
530095|삼성 구리 선물 ETN(H)|9,620
292750|ARIRANG KRX300|15,985
610026|메리츠 구리 선물 ETN(H)|9,590
364690|KODEX 혁신기술테마액티브|11,985
410870|TIMEFOLIO K컬처액티브|7,375
395270|HANARO Fn K-반도체|9,525
570032|TRUE 인버스 2X HSCEI ETN(H)|9,510
152500|KINDEX 레버리지|7,310
610018|메리츠 국채10년 ETN|9,500
012205|계양전기우|6,770
145850|TREX 펀더멘탈 200|37,830
413220|SOL 차이나태양광CSI(합성)|7,835
510006|대신 인버스 니켈선물 ETN(H)|1,645
415920|ARIRANG 글로벌희토류전략자원기업MV|8,905
090355|노루페인트우|20,100
014825|동원시스템즈우|35,050
580023|KB 인버스 2X 금 선물 ETN(H)|18,595
402460|HANARO Fn K-메타버스MZ|8,450
101280|KODEX 일본TOPIX100|15,455
354240|KBSTAR 미국고정배당우선증권ICE TR|9,745
291130|KINDEX 멕시코MSCI(합성)|11,565
700002|하나 KRX300 ETN|9,235
500028|신한 인버스 2X 다우존스지수 선물 ETN(H)|2,295
219900|KINDEX 중국본토CSI300레버리지(합성)|3,815
530056|삼성 인버스 2X 금 선물 ETN(H)|9,110
530097|삼성 알루미늄 선물 ETN|9,080
610036|메리츠 인버스 2X 대표 농산물 선물 ETN(H)|9,060
310080|KBSTAR 중국MSCI China(H)|8,550
580032|KB 레버리지 구리 선물 ETN(H)|17,950
253230|KOSEF 200선물인버스2X|2,645
108590|TREX 200|35,800
580014|KB 인버스 2X 나스닥 100 ETN|8,935
610019|메리츠 레버리지 국채10년 ETN|8,935
610022|메리츠 미국채10년 ETN(H)|8,925
530060|삼성 코스피 양매도 5% OTM ETN|8,920
530077|삼성 나스닥 100 ETN(H)|8,920
570057|TRUE 은 선물 ETN|8,875
570063|TRUE 베트남 VN30 선물 ETN(H)|8,865
002995|금호건설우|30,250
003075|코오롱글로벌우|28,200
520048|미래에셋 K200 Auto-KO-C 2303-01 ETN|8,820
700007|하나 코스닥150 선물 ETN|8,815
269370|TIGER S&P글로벌인프라(합성)|12,540
510018|대신 인버스 알루미늄 선물 ETN(H)|8,745
008355|남선알미우|28,300
409810|KODEX 미국나스닥100선물인버스(H)|12,435
500057|신한 인버스 2X Russell 2000 ETN|8,690
610014|메리츠 은 선물 ETN(H)|8,665
530089|삼성 은 선물 ETN(H)|8,605
500012|신한 인버스 달러인덱스 선물 ETN(H)|8,580
570068|TRUE 코스닥 150 ETN|8,575
001745|SK네트웍스우|74,800
014285|금강공업우|14,400
407160|MASTER 테크미디어텔레콤액티브|8,930
417450|KBSTAR 글로벌수소경제Indxx|9,970
004415|서울식품우|3,800
570052|TRUE 플래티넘 선물 ETN|8,445
005745|크라운해태홀딩스우|14,100
391590|KINDEX 미국스팩&IPO INDXX|7,025
530072|삼성 S&P500 VIX S/T 선물 ETN(H) C|8,400
261140|TIGER 우선주|11,575
275290|KODEX MSCI밸류|11,845
610032|메리츠 CSI 300 ETN|8,210
131890|KINDEX 삼성그룹동일가중|16,310
500010|신한 인버스 다우존스지수 선물 ETN(H)|4,075
156080|KODEX MSCI Korea|16,255
272230|KINDEX 스마트밸류|13,520
426150|WOORI 대한민국국고채액티브|50,620
261110|TIGER 미국달러선물레버리지|11,565
137930|마이다스 200커버드콜5%OTM|13,480
004105|태양금속우|2,425
426410|ARIRANG 미국대체투자Top10MV|10,665
004545|깨끗한나라우|21,850
225030|TIGER 미국S&P500선물인버스(H)|3,990
304760|HANARO KRX300|15,855
00781K|코리아써키트2우B|10,100
261070|TIGER 코스닥150바이오테크|7,755
610023|메리츠 레버리지 미국채10년 ETN(H)|7,905
530087|삼성 KRX 2차전지 K-뉴딜 ETN|7,900
105780|KBSTAR 5대그룹주|6,580
610007|메리츠 국채30년 ETN|7,890
006345|대원전선우|3,005
427120|KBSTAR Fn플랫폼테마|9,845
183710|KBSTAR 주식혼합|39,315
189400|ARIRANG 글로벌MSCI(합성 H)|15,285
185680|KODEX 미국S&P바이오(합성)|19,735
373530|ARIRANG 신흥국MSCI인버스(합성 H)|10,825
004565|현대비앤지스틸우|70,800
322150|KINDEX 스마트하이베타|12,905
416090|KINDEX 중국과창판STAR50|7,720
337120|KODEX Fn멀티팩터|12,780
139320|TIGER 금은선물(H)|9,550
205720|KINDEX 일본TOPIX인버스(합성 H)|4,230
424460|HANARO 글로벌워터MSCI(합성)|9,490
580029|KB 인버스 KOSPI 200 선물 ETN|10,845
000145|하이트진로홀딩스우|16,000
167860|KOSEF 국고채10년레버리지|107,500
375270|KBSTAR 글로벌데이터센터리츠나스닥(합성)|11,570
427110|KBSTAR Fn창업투자회사|9,395
580031|KB 인버스 KOSDAQ150 선물 ETN|10,735
251890|KINDEX 코스닥(합성)|12,495
139310|TIGER 금속선물(H)|7,475
402520|FOCUS 혁신기업액티브|8,265
407170|MASTER 스마트커머스액티브|8,750
322130|KINDEX 스마트로우볼|14,830
159800|마이티 코스피100|26,345
319870|KBSTAR KRX300미국달러선물혼합|14,740
195970|ARIRANG 선진국MSCI(합성 H)|10,485
315270|TIGER 200커뮤니케이션서비스|22,855
192720|파워 고배당저변동성|30,280
381570|HANARO Fn친환경에너지|9,080
237440|TIGER 경기방어채권혼합|9,070
404650|SOL KRX기후변화솔루션|9,045
371130|KINDEX 베트남VN30선물블룸버그레버리지(H)|14,455
403990|KBSTAR KRX기후변화솔루션|8,905
307510|TIGER 의료기기|15,780
580026|KB 레버리지 은 선물 ETN(H)|14,165
243890|TIGER 200에너지화학레버리지|14,155
368200|KBSTAR Fn K-뉴딜디지털플러스|8,770
314700|HANARO 농업융복합산업|12,740
269530|ARIRANG S&P글로벌인프라|13,955
419650|ARIRANG 글로벌수소&차세대연료전지MV|9,255
419170|HANARO 미국메타버스iSelect|9,230
001067|JW중외제약2우B|67,200
610033|메리츠 STAR 50 ETN|6,915
500051|신한 인버스 2X S&P500 선물 ETN|3,455
379790|KBSTAR 유로스탁스50(H)|9,850
234310|KBSTAR V&S셀렉트밸류|13,785
333970|ARIRANG KS밸류가중TR|15,300
005965|동부건설우|30,450
580034|KB 레버리지 FANG 플러스 ETN(H)|13,740
001065|JW중외제약우|37,400
140570|KBSTAR 수출주|11,375
426330|KOSEF 미국ETF산업STOXX|9,065
411860|KOSEF 독일DAX|9,010
292560|TIGER 일본엔선물|9,635
407300|HANARO Fn골프테마|8,430
371150|KBSTAR 차이나항셍테크|5,830
305050|KINDEX 코스피|26,655
275280|KODEX MSCI모멘텀|11,075
226380|KINDEX Fn성장소비주도주|6,640
610005|메리츠 레버리지 KRX300 선물 ETN|6,635
166400|TIGER 200커버드콜5%OTM|13,210
266390|KODEX 경기소비재|10,970
011155|CJ씨푸드1우|32,900
098560|TIGER 방송통신|9,385
291680|KBSTAR 차이나H선물인버스(H)|12,990
000545|흥국화재우|8,420
304670|KODEX 미국채울트라30년선물인버스(H)|9,205
147970|TIGER 모멘텀|24,570
238670|ARIRANG 스마트베타Quality채권혼합|10,625
333950|ARIRANG KS로우사이즈가중TR|15,880
530073|삼성 HSCEI ETN(H)|6,350
226980|KODEX 200 중소형|12,670
000325|노루홀딩스우|34,000
580028|KB KOSPI 200 선물 ETN|8,995
256450|ARIRANG 심천차이넥스트(합성)|10,450
277650|TIGER 코스피중형주|15,595
580030|KB KOSDAQ 150 선물 ETN|8,845
322120|KINDEX 스마트퀄리티|15,465
227550|TIGER 200 산업재|6,570
289480|TIGER 200커버드콜ATM|10,275
000227|유유제약2우B|18,900
570027|TRUE 인버스 2X 유로스탁스50 ETN(H)|3,075
610008|메리츠 레버리지 국채30년 ETN|6,100
261120|TIGER 미국달러선물인버스2X|7,600
117690|TIGER 차이나항셍25|13,490
290080|KBSTAR 200고배당커버드콜ATM|8,645
700003|하나 KRX BBIG K-뉴딜 ETN|6,025
272220|KINDEX 스마트모멘텀|14,955
570025|TRUE 인버스 유로스탁스50 ETN(H) B|5,950
394340|KOSEF 릭소글로벌디지털경제MSCI|7,420
391670|HK 베스트일레븐액티브|8,430
291630|KOSEF 코스닥150선물레버리지|4,855
530085|삼성 KRX BBIG K-뉴딜 ETN|5,810
580025|KB 레버리지 KRX 2차전지 K-뉴딜 ETN|5,800
530088|삼성 레버리지 KRX 2차전지 K-뉴딜 ETN|5,780
530079|삼성 항셍테크 ETN(H)|5,770
404470|HANARO KRX기후변화솔루션|8,870
333960|ARIRANG KS모멘텀가중TR|14,385
380340|KINDEX Fn5G플러스|8,145
307520|TIGER 지주회사|10,335
342140|KINDEX 싱가포르리츠채권혼합모닝스타|9,440
140580|KBSTAR 우량업종|11,310
261060|TIGER 코스닥150IT|16,520
261920|KINDEX 필리핀MSCI(합성)|13,960
105010|TIGER 라틴35|3,975
014915|성문전자우|9,250
376250|ARIRANG 탄소효율그린뉴딜|8,485
215620|HK S&P코리아로우볼|12,160
292340|마이티 200커버드콜ATM레버리지|9,005
500038|신한 인버스 2X 금 선물 ETN|5,395
228820|TIGER KTOP30|8,980
002785|진흥기업우B|6,180
291620|KOSEF 코스닥150선물인버스|8,535
570042|TRUE 인버스 나스닥 100 ETN|5,280
292770|KODEX 국채선물3년인버스|51,690
299070|KINDEX 국채선물10년인버스|105,195
368470|KINDEX Fn K-뉴딜디지털플러스|10,495
299080|KINDEX 국채선물3년인버스|103,540
277640|TIGER 코스피대형주|12,885
284980|KBSTAR 200금융|8,885
334690|KBSTAR 팔라듐선물(H)|11,440
500003|신한 인버스 WTI원유 선물 ETN(H)|2,570
001527|동양2우B|16,600
275300|KODEX MSCI퀄리티|8,520
333940|ARIRANG KS로우볼가중TR|12,755
520005|미래에셋 인버스 전기전자 Core5 ETN|2,545
306530|HANARO 코스닥150선물레버리지|9,715
253280|KBSTAR 헬스케어|11,220
373490|KODEX K-이노베이션액티브|9,995
001525|동양우|8,080
291890|KODEX MSCI EM선물(H)|8,300
267440|KBSTAR 미국장기국채선물(H)|9,940
145670|KINDEX 인버스|5,500
391680|HK 하이볼액티브|8,130
002787|진흥기업2우B|16,500
281990|KBSTAR 중소형고배당|12,155
253240|KOSEF 200선물인버스|5,785
139290|TIGER 200 경기소비재|15,890
321410|KODEX 멀티에셋하이인컴(H)|9,530
295820|ARIRANG 200동일가중|10,325
244660|KODEX 퀄리티Plus|9,290
371870|KINDEX 차이나항셍테크|5,800
412560|TIGER KRX BBIG K-뉴딜레버리지|4,405
267450|KBSTAR 미국장기국채선물인버스(H)|9,235
252410|KBSTAR 200선물인버스|5,760
550045|QV 인버스 레버리지 S&P500 ETN|2,280
301440|ARIRANG 코스피중형주|11,340
346000|HANARO KAP초장기국고채|39,080
295020|KBSTAR 국채선물10년인버스|52,360
301410|ARIRANG 코스닥150선물인버스|7,400
000547|흥국화재2우B|28,800
510004|대신 인버스 아연선물 ETN(H)|6,260
220130|SOL 중국본토 중소형 CSI500(합성 H)|4,740
280940|KODEX 골드선물인버스(H)|7,030
570031|TRUE 레버리지 HSCEI ETN(H)|4,185
227560|TIGER 200 생활소비재|9,080
285010|KBSTAR 200중공업|9,285
267500|KBSTAR 미국장기국채선물인버스2X(합성 H)|7,880
266550|ARIRANG 중형주저변동50|11,025
157500|TIGER 증권|4,015
252730|KBSTAR 모멘텀로우볼|15,030
530075|삼성 레버리지 HSCEI ETN(H)|3,665
520011|미래에셋 인버스 원유선물혼합 ETN(H)|3,635
280920|ARIRANG 주도업종|9,065
333980|ARIRANG KS퀄리티가중TR|13,930
275750|KBSTAR 코스닥150선물인버스|4,925
287300|KBSTAR 200건설|11,400
334700|KBSTAR 팔라듐선물인버스(H)|4,595
580024|KB 레버리지 KRX BBIG K-뉴딜 ETN|3,205
700004|하나 레버리지 KRX BBIG K-뉴딜 ETN|3,190
530086|삼성 레버리지 KRX BBIG K-뉴딜 ETN|3,185
217790|TIGER 가격조정|22,550
001529|동양3우B|32,900
009275|신원우|32,100
176710|파워 중기국고채|96,695
267490|KBSTAR 미국장기국채선물레버리지(합성 H)|9,270
278420|ARIRANG ESG우수기업|9,005
309210|ARIRANG KRX300헬스케어|8,540
301400|ARIRANG 코스닥150|12,285
285020|KBSTAR 200철강소재|8,940
500005|신한 인버스 브렌트원유 선물 ETN(H)|2,320
315480|KBSTAR 200커뮤니케이션서비스|14,320
252720|KBSTAR 모멘텀밸류|13,830
295000|KBSTAR 국채선물10년|50,720
284990|KBSTAR 200에너지화학|11,155
287330|KBSTAR 200생활소비재|6,880
287310|KBSTAR 200경기소비재|9,925
287320|KBSTAR 200산업재|11,940
